frame_index,timestamp,instrument_id,instrument_type,center_x,center_y,area,confidence,bbox_x,bbox_y,bbox_w,bbox_h
0,0.0,0,scalpel,503,248,8135,0.4629346258612402,477,169,53,158
5,0.2,0,scalpel,503,244,8569,0.45548337930033383,477,161,53,166
10,0.4,0,scalpel,503,238,9134,0.44414215376846355,477,149,53,178
15,0.6,0,scalpel,503,233,9651,0.436529538252603,477,139,53,188
15,0.6,1,scalpel,518,88,1128,0.3976454293628809,507,50,23,76
20,0.8,0,scalpel,503,227,10233,0.42920759576778367,477,128,53,199
20,0.8,1,scissors,511,83,1841,0.5113751147842057,493,50,36,66
25,1.0,0,scalpel,503,220,10999,0.42122264101038154,477,114,53,213
25,1.0,2,scissors,501,76,1893,0.6500369822485208,477,50,48,52
30,1.2,0,scalpel,503,213,11733,0.4138533641250558,477,100,53,227
30,1.2,1,scissors,498,69,957,0.6147600262984878,477,50,42,39
35,1.4,0,scalpel,503,210,12094,0.4104399517861056,477,93,53,234
35,1.4,1,scissors,492,66,523,0.5721123829344432,477,51,31,31
40,1.6,0,scalpel,503,208,12270,0.40830802909399055,477,89,53,238
45,1.8,0,scissors,499,310,725,0.6331037649219466,477,294,44,33
45,1.8,1,scalpel,503,205,11610,0.3991223277098559,477,84,53,242
50,2.0,1,scalpel,503,201,12402,0.3984270090950937,477,76,53,251
55,2.2,0,scalpel,503,195,13588,0.39748407369146005,477,63,53,264
60,2.4,0,scalpel,503,191,13954,0.39500142971909424,477,56,53,271
65,2.6,0,scalpel,503,190,14057,0.39430557232755037,477,54,53,273
70,2.8,1,scalpel,503,189,13983,0.3924495867768595,477,52,53,275
75,3.0,1,scalpel,503,188,14131,0.39208708571726464,477,50,53,277
80,3.2,1,scalpel,503,188,14075,0.39172216502235135,477,50,53,277
85,3.4,1,scalpel,503,188,14217,0.39264749964159573,477,50,53,277
90,3.6,0,scalpel,503,188,14325,0.3933512752674999,477,50,53,277
95,3.8,0,scalpel,503,188,14265,0.39296028880866424,477,50,53,277
100,4.0,0,scalpel,503,188,14130,0.39208056927628404,477,50,53,277
105,4.2,0,scalpel,503,188,14156,0.3922499967417795,477,50,53,277
110,4.4,0,scalpel,503,188,14102,0.39189485070833713,477,50,53,277
115,4.6,0,scissors,503,303,1739,0.6774956597222223,477,279,53,48
115,4.6,1,scissors,503,280,611,0.47318594104308387,477,259,53,42
115,4.6,2,scalpel,503,167,11423,0.40342236306020823,477,50,53,235
120,4.8,0,scissors,503,303,1699,0.6687065972222223,477,279,53,48
120,4.8,2,scalpel,503,172,11820,0.39845897542690545,477,50,53,245
125,5.0,0,scissors,503,300,1938,0.6323902606310013,477,273,53,54
125,5.0,1,scalpel,503,171,11652,0.3986638215719148,477,50,53,243
130,5.2,0,scissors,503,277,4240,0.5163299663299663,477,228,53,99
130,5.2,1,scalpel,503,152,9633,0.41574274317570165,477,50,53,204
135,5.4,0,scalpel,503,188,14232,0.39274524625630464,477,50,53,277
140,5.6,0,scalpel,503,188,14304,0.3932144300069074,477,50,53,277
145,5.8,0,scalpel,503,188,14309,0.39324701221181035,477,50,53,277
150,6.0,0,scalpel,503,260,5953,0.46578024058810424,477,193,53,134
150,6.0,1,scalpel,503,136,7982,0.433357278893381,477,50,53,173
155,6.2,0,scalpel,503,264,5489,0.475664,477,202,53,125
155,6.2,1,scalpel,503,143,8283,0.4278240740740741,477,53,53,180
160,6.4,0,scalpel,503,260,5837,0.4650036746000339,477,194,53,133
160,6.4,1,scalpel,503,141,7714,0.43505304436119185,477,57,53,169
165,6.6,0,scalpel,503,195,13492,0.39753285431334845,477,64,53,263
170,6.8,0,scalpel,503,200,13020,0.4017083535127873,477,74,53,253
175,7.0,0,scalpel,503,189,13782,0.3904615626969124,477,51,53,276
180,7.2,0,scalpel,503,212,11839,0.4118998109640832,477,97,53,230
185,7.4,0,scalpel,503,218,11166,0.4185627216547389,477,110,53,217
190,7.6,0,scalpel,503,222,10761,0.42317712506581806,477,118,53,209
195,7.8,0,scalpel,503,226,10390,0.42731594941672385,477,125,53,202
200,8.0,0,scalpel,503,229,10015,0.4316962524654832,477,132,53,195
205,8.2,0,scalpel,503,231,9849,0.4349880759847592,477,136,53,191
210,8.4,0,scalpel,503,234,9601,0.43876604231703087,477,141,53,186
215,8.6,0,scalpel,503,235,9429,0.44077756875391916,477,144,53,183
215,8.6,1,scissors,504,86,2853,0.575221836419753,478,50,52,72
220,8.8,0,scalpel,503,237,9128,0.4424424955525733,477,148,53,179
220,8.8,2,scissors,489,69,589,0.5039473684210526,477,50,24,38
225,9.0,0,scalpel,503,239,8967,0.44474916064049586,477,151,53,176
225,9.0,2,scissors,515,72,654,0.4690340909090909,501,50,29,44
230,9.2,0,scalpel,503,242,8559,0.44984594376947584,477,158,53,169
230,9.2,2,scissors,510,80,1216,0.4634641225477022,490,50,40,61
235,9.4,0,scalpel,503,248,7999,0.46226824617631546,477,170,53,157
235,9.4,1,scissors,503,89,2447,0.4960823585963788,477,50,53,79
240,9.6,0,scalpel,503,254,7426,0.47661117717003565,477,182,53,145
240,9.6,1,scissors,503,97,2977,0.46845857854232686,477,50,53,94
245,9.8,0,scalpel,503,261,6762,0.4940570477502295,477,195,53,132
245,9.8,1,scalpel,506,105,3156,0.43041322314049585,482,50,48,110
250,10.0,0,scalpel,503,263,6479,0.5008494016988034,477,200,53,127
250,10.0,1,scalpel,508,109,2860,0.4027183280666475,486,50,44,118
255,10.2,0,scalpel,503,267,6120,0.5125,477,207,53,120
255,10.2,1,scalpel,510,119,2416,0.39804398993588186,491,64,39,111
260,10.4,0,scalpel,503,270,5753,0.5252721434724724,477,214,53,113
260,10.4,1,scalpel,513,130,1866,0.38628420857988166,496,78,34,104
265,10.6,0,scalpel,503,272,5534,0.5328928541368572,477,218,53,109
265,10.6,1,scalpel,514,138,1650,0.38590170762182424,498,89,32,98
270,10.8,0,scissors,503,274,5379,0.5393645425418299,477,221,53,106
270,10.8,1,scalpel,516,148,1219,0.3864158163265306,503,106,27,84
275,11.0,0,scissors,503,274,5311,0.5408843537414966,477,222,53,105
275,11.0,1,scalpel,517,153,1033,0.38489480604865217,505,114,25,78
280,11.2,0,scissors,503,275,5282,0.5441752958579882,477,223,53,104
280,11.2,1,scalpel,518,156,904,0.38486582848564455,507,120,23,73
285,11.4,0,scissors,503,275,5270,0.5436205621301775,477,223,53,104
285,11.4,1,scalpel,519,159,824,0.38413265306122446,508,124,22,70
290,11.6,0,scissors,503,275,5264,0.5433431952662722,477,223,53,104
290,11.6,1,scalpel,520,162,658,0.3829554043839758,511,131,19,63
295,11.8,0,scissors,503,276,5208,0.5502883506343714,477,225,53,102
295,11.8,1,scalpel,521,166,520,0.38002462296091105,513,138,17,57
300,12.0,0,scissors,503,276,5207,0.5502643214148404,477,225,53,102
300,12.0,1,scalpel,521,167,535,0.37959274673008325,513,138,17,58
305,12.2,0,scissors,503,276,5184,0.5491589773164167,477,225,53,102
305,12.2,1,scalpel,520,165,617,0.382907820478366,511,135,19,61
310,12.4,0,scissors,503,276,5133,0.5516174884815215,477,226,53,101
310,12.4,1,scalpel,519,162,860,0.3829957561728395,508,126,22,72
315,12.6,0,scissors,503,277,5077,0.553875,477,227,53,100
315,12.6,1,scalpel,517,159,1138,0.3846594289113623,504,118,26,82
320,12.8,0,scissors,503,278,4952,0.55783527696793,477,229,53,98
320,12.8,1,scalpel,515,157,1397,0.3862654320987654,501,112,29,90
325,13.0,0,scissors,503,279,4858,0.5635633680555556,477,231,53,96
325,13.0,1,scalpel,515,157,1476,0.38532778355879294,501,111,29,93
330,13.2,0,scissors,503,280,4777,0.5703429153463104,477,233,53,94
330,13.2,1,scalpel,515,159,1475,0.3852988784830616,501,113,29,93
335,13.4,0,scissors,503,280,4695,0.5714475661926235,477,234,53,93
335,13.4,1,scalpel,515,162,1434,0.3847117202268431,501,116,29,92
340,13.6,0,scissors,503,281,4662,0.5754312381852551,477,235,53,92
340,13.6,1,scalpel,516,164,1361,0.38404320987654317,502,119,28,90
345,13.8,0,scissors,503,282,4598,0.5838271604938272,477,237,53,90
345,13.8,1,scalpel,515,164,1418,0.3837960775047259,501,118,29,92
350,14.0,0,scissors,503,282,4537,0.5863906072465598,477,238,53,89
350,14.0,1,scalpel,515,163,1506,0.3834349030470914,501,116,29,95
355,14.2,0,scissors,503,282,4488,0.5832975634389597,477,238,53,89
355,14.2,1,scalpel,515,163,1610,0.38384527280299874,500,114,30,98
360,14.4,0,scissors,503,283,4457,0.5878034607438016,477,239,53,88
360,14.4,1,scalpel,514,162,1706,0.3820117262591311,499,111,31,102
365,14.6,0,scissors,503,283,4409,0.5912868278504426,477,240,53,87
365,14.6,1,scalpel,514,163,1747,0.38398212226066897,498,112,32,102
370,14.8,0,scissors,503,284,4294,0.59719723183391,477,242,53,85
370,14.8,1,scalpel,514,165,1798,0.3831407174556213,498,113,32,104
375,15.0,0,scissors,503,285,4206,0.6053055595877486,477,244,53,83
375,15.0,1,scalpel,513,165,1910,0.38343523451829853,497,112,33,107
380,15.2,0,scissors,503,286,4161,0.609451219512195,477,245,53,82
380,15.2,1,scalpel,512,164,2045,0.38450413223140495,495,109,35,110
385,15.4,0,scissors,503,285,4173,0.6028741471911743,477,244,53,83
385,15.4,1,scalpel,511,162,2240,0.3861995998768852,493,105,37,114
390,15.6,0,scissors,503,285,4272,0.6027210884353742,477,243,53,84
390,15.6,1,scalpel,510,158,2525,0.39716451215758697,490,101,40,114
395,15.8,0,scissors,503,283,4391,0.5900977672083498,477,240,53,87
395,15.8,1,scalpel,507,145,3022,0.3880484820231921,485,80,45,131
400,16.0,0,scissors,503,280,4741,0.5741068331599029,477,234,53,93
400,16.0,1,scalpel,504,136,3644,0.3970882838723427,479,68,51,137
405,16.2,0,scissors,503,275,5311,0.5455390162721894,477,223,53,104
405,16.2,1,scalpel,503,124,3970,0.3998440722297671,477,54,53,141
410,16.4,0,scalpel,503,266,6206,0.5119390751997814,477,206,53,121
410,16.4,1,scalpel,503,114,4123,0.425823974609375,477,50,53,128
415,16.6,0,scalpel,503,258,7077,0.48580655324511657,477,189,53,138
415,16.6,1,scalpel,503,105,3733,0.4542561983471074,477,50,53,110
420,16.8,0,scalpel,503,247,8196,0.460087890625,477,167,53,160
420,16.8,1,scissors,503,93,2887,0.49520686857760954,477,50,53,86
425,17.0,0,scalpel,503,237,9185,0.44175154320987653,477,147,53,180
425,17.0,1,scissors,503,81,1555,0.49589317208364825,477,50,53,63
430,17.2,0,scalpel,503,231,9758,0.4337408514020997,477,136,53,191
435,17.4,0,scalpel,503,224,10410,0.4238607971445568,477,122,53,205
440,17.6,0,scalpel,503,219,10949,0.4173375342935528,477,111,53,216
445,17.8,0,scalpel,503,212,11750,0.41203066303083463,477,98,53,229
450,18.0,0,scalpel,503,207,12273,0.4074342185886101,477,88,53,239
455,18.2,0,scalpel,503,206,12419,0.4069110380330917,477,86,53,241
460,18.4,0,scalpel,503,206,12427,0.40697990737074086,477,86,53,241
465,18.6,0,scalpel,503,207,12358,0.40727430555555555,477,87,53,240
470,18.8,0,scalpel,503,209,12217,0.40967573972996263,477,91,53,236
475,19.0,0,scalpel,503,211,12011,0.41157662009512486,477,95,53,232
480,19.2,0,scalpel,503,212,11896,0.4124385633270321,477,97,53,230
485,19.4,0,scalpel,503,212,11812,0.4126218035506569,477,98,53,229
490,19.6,0,scalpel,503,213,11701,0.4135428593607483,477,100,53,227
495,19.8,0,scalpel,503,215,11592,0.41551837531887753,477,103,53,224
